id,hop,tier,question,reference,llm_only_answer,llm_only_total_inference,llm_only_context_tokens,llm_only_system_tokens,llm_only_question_tokens,llm_only_output_tokens,llm_only_grade,llm_only_pass,llm_only_numeric_match,llm_only_evidence_quality,llm_only_citation_recall,llm_only_bertscore_f1,llm_only_citations,llm_only_latency_ms,rag_answer,rag_total_inference,rag_context_tokens,rag_system_tokens,rag_question_tokens,rag_output_tokens,rag_grade,rag_pass,rag_numeric_match,rag_evidence_quality,rag_citation_recall,rag_bertscore_f1,rag_citations,rag_latency_ms,graphrag_answer,graphrag_total_inference,graphrag_context_tokens,graphrag_system_tokens,graphrag_question_tokens,graphrag_output_tokens,graphrag_grade,graphrag_pass,graphrag_numeric_match,graphrag_evidence_quality,graphrag_citation_recall,graphrag_bertscore_f1,graphrag_citations,graphrag_latency_ms
EQ01,1,Tier A,Apple's total net sales for fiscal year 2025?,"$416,161M (~$416.2B)",Apple does not provide specific net sales guidance for fiscal year 2025. They typically offer guidance for the upcoming quarter rather than a full fiscal year. Analysts' estimates for Apple's net sales in fiscal year 2025 vary.,108,0,42,12,51,0,False,False,0.0,0.0,-0.27,,1527.0435810089111,"Apple's total net sales for fiscal year 2025 were $416,161 million. This figure includes $209,586 million from iPhone sales, $33,708 million from Mac sales, $28,023 million from iPad sales, $35,686 million from Wearables, Home and Accessories, and $109,158 million from Services.  Sources: [4]",5219,4009,103,12,100,3,True,True,1.0,1.0,0.0212,AAPL:10-K_2025-10-31; HD:10-K_2026-03-18; LOW:10-K_2026-03-23; NFLX:10-K_2026-01-23,2209.3863487243652,"Apple's total net sales for fiscal year 2025 were $416,161 million. This figure represents a 6% increase compared to fiscal year 2024. The company also achieved an all-time revenue record of $416.2 billion for the fiscal year. Sources: [AAPL:10-K_2025-10-31#c60, AAPL:DEF14A_2026-01-08#c5]",2145,1507,103,12,114,3,True,True,1.0,1.0,0.0706,AAPL:10-K_2025-10-31; AAPL:DEF14A_2026-01-08,4542.277812957764
EQ02,1,Tier A,NVIDIA's total revenue for fiscal year 2026?,"$215,938M (~$215.9B)","NVIDIA has not yet released its financial projections for fiscal year 2026. As a result, the total revenue for fiscal year 2026 is not available.",94,0,42,12,37,0,False,False,0.0,0.0,-0.1803,,1044.0647602081299,"NVIDIA's total revenue for fiscal year 2026 was $215,938 million. This figure is derived from the sum of Compute & Networking revenue at $193,479 million and Graphics revenue at $22,459 million for the year ended January 25, 2026. Sources: [3, 5]",5185,4012,103,12,83,3,True,True,1.0,1.0,0.0872,INTU:10-K_2025-09-03; NVDA:10-K_2026-02-25; NVDA:DEF14A_2026-05-12,1552.1626472473145,"NVIDIA's total revenue for fiscal year 2026 was $215,938 million. This figure includes revenue from Data Center ($193,737 million), Gaming ($16,042 million), Professional Visualization ($3,191 million), Automotive ($2,349 million), and OEM and Other ($619 million) segments. The fiscal year ended on ",2246,1500,103,12,127,3,True,True,1.0,1.0,-0.0046,NVDA:10-K_2026-02-25; NVDA:8-K_2026-06-30; NVDA:DEF14A_2026-05-12,4621.734857559204
EQ03,1,Tier A,"JPMorgan Chase's net income for FY ended Dec 31, 2025?","$57,048M (~$57.0B), down 2% YoY","JPMorgan Chase has not yet released its net income for the fiscal year ending December 31, 2025. Financial results are typically reported after the close of the fiscal year. Therefore, this information is not currently available.",111,0,42,18,48,0,False,False,0.0,0.0,-0.3226,,815.9441947937012,"JPMorgan Chase's net income for the fiscal year ended December 31, 2025, was $57,048 million. This figure is derived from the consolidated results of operations.  Sources: [5]",5307,4012,103,18,50,2,False,True,1.0,1.0,-0.0051,JPM:10-K_2026-02-13,2123.4545707702637,"JPMorgan Chase's net income for the fiscal year ended December 31, 2025, was $57,048 million. This figure is presented in the consolidated statements of comprehensive income.  Sources: [JPM:10-K_2026-02-13#c328]",2672,1807,103,18,73,2,False,True,1.0,1.0,-0.0958,JPM:10-K_2026-02-13,4422.959804534912
EQ04,1,Tier A,ExxonMobil's total revenues and other income for FY2025?,"$332,238M (~$332.2B)","ExxonMobil has not yet released its total revenues and other income for FY2025. As a publicly traded company, ExxonMobil will report these figures in their future financial statements, such as their 10-K filing, once the fiscal year has concluded and the information has been audited.",120,0,42,15,61,0,False,False,0.0,0.0,-0.2362,,1317.2833919525146,"ExxonMobil's total revenues and other income for FY2025 were $323,905 million from sales and other operating revenue, plus $34,309 million from their share of total revenues from equity companies. The total consolidated revenues and other income for 2025 is not explicitly stated in the provided evid",5613,4010,103,15,85,0,False,False,1.0,1.0,-0.0197,DUK:10-K_2026-02-26; XOM:10-K_2026-02-18,1706.4428329467773,"ExxonMobil's total revenues and other income for FY2025 were $349,585 million. This figure is derived from the reconciliation of consolidated revenues, which includes segment revenues and other income, other revenues, and the elimination of intersegment revenues. Sources: [XOM:10-K_2026-02-18#c168]",2279,1551,103,15,85,0,False,False,1.0,1.0,-0.0657,XOM:10-K_2026-02-18; XOM:DEF14A_2026-04-08,4316.653251647949
EQ05,1,Tier A,Coca-Cola's net operating revenues for FY2025?,"$47,941M (~$47.9B)","Coca-Cola has not yet released its net operating revenue projections for FY2025. Typically, companies provide such forward-looking statements in their annual reports (10-K) or during investor calls. As of now, the latest available financial projections from Coca-Cola do not extend to FY2025 revenues",124,0,42,12,67,0,False,False,0.0,0.0,-0.2609,,1394.2761421203613,"Coca-Cola's net operating revenues for FY2025 were $47,941 million. This figure includes $47,797 million from third-party revenues and $144 million from Corporate, with intersegment eliminations of $1,009 million.  Sources: [1]",5401,4008,103,12,69,3,True,True,1.0,1.0,0.1208,ACN:10-K_2025-10-10; KO:10-K_2026-02-20; KO:DEF14A_2026-03-16; PEP:10-K_2026-02-03,1680.9649467468262,"Coca-Cola's net operating revenues for FY2025 were $47,941 million. This figure represents the total net operating revenues from third parties and intersegment activities, with intersegment eliminations applied.  Sources: [KO:10-K_2026-02-20#c255]",1852,1292,103,12,74,3,True,True,1.0,1.0,0.0171,ACN:10-K_2025-10-10; KO:10-K_2026-02-20; KO:DEF14A_2026-03-16,4665.359973907471
EQ06,1,Tier A,On what date does Microsoft's FY2025 end?,"June 30, 2025","Microsoft's FY2025 ends on June 30, 2025. The company's fiscal year concludes on the last day of June each year.",93,0,42,11,37,3,True,True,0.0,0.0,0.238,,1056.4095973968506,"Microsoft's fiscal year 2025 ends on June 30, 2025. This is consistent with their reporting structure where discussions for the year ended June 30, 2025, are compared to the year ended June 30, 2024.  Sources: [3]",2597,2079,103,11,70,3,True,True,1.0,1.0,0.21,AAPL:10-K_2025-10-31; AIG:10-K_2026-02-12; AVGO:10-K_2025-12-18; COST:8-K_2026-05-28; IBM:8-K_2026-06-23; MSFT:10-K_2025-07-30; MSFT:8-K_2026-05-14,1230.7794094085693,"Microsoft's fiscal year 2025 ends on June 30, 2025. This date is explicitly stated in their annual report for the fiscal year ended June 30, 2025, and is also referenced in the context of stock market prices on that date.  Sources: [MSFT:10-K_2025-07-30#c0, MSFT:10-K_2025-07-30#c183, MSFT:DEF14A_202",2088,1460,103,11,136,3,True,True,1.0,1.0,0.0282,MSFT:10-K_2025-07-30; MSFT:DEF14A_2025-10-21; NVDA:8-K_2026-06-30,4524.8095989227295
EQ07,1,Tier A,Who is Amazon's Chief Executive Officer?,Andrew R. Jassy,"Amazon's Chief Executive Officer is Andy Jassy. He assumed the role on July 5, 2021, succeeding founder Jeff Bezos.",82,0,42,8,31,3,True,,0.0,0.0,0.1391,,708.1093788146973,"Andrew R. Jassy is Amazon's President and Chief Executive Officer, a position he has held since July 2021. Prior to this role, he founded and led Amazon Web Services, serving as its CEO from April 2016 to July 2021.  Sources: [6, 7]",4315,3704,103,8,69,3,True,,1.0,1.0,0.1321,AMZN:10-K_2026-02-06; AMZN:DEF14A_2026-04-09; INTU:DEF14A_2025-11-26,1605.3466796875,"Andrew R. Jassy is Amazon's Chief Executive Officer. He has held the position of President and Chief Executive Officer since July 2021. Sources: [AMZN:10-K_2026-02-06#c19, AMZN:10-K_2026-02-06#c18, AMZN:10-K_2026-02-06#c153, AMZN:DEF14A_2026-04-09#c21]",2778,1950,103,8,129,3,True,,1.0,1.0,-0.0738,AMZN:10-K_2026-02-06; AMZN:DEF14A_2026-04-09,4664.581537246704
EQ08,1,Tier A,Netflix relies on which cloud provider to operate its streaming service?,Amazon Web Services (AWS),"Netflix utilizes Amazon Web Services (AWS) for the vast majority of its computing and storage needs, including its streaming service. The company completed its migration to AWS in 2016, leveraging the cloud provider's infrastructure for global scalability and reliability.",105,0,42,12,51,3,True,,0.0,0.0,0.2713,,1347.61381149292,"Netflix relies on Amazon Web Services (AWS) to operate certain aspects of its streaming service, running the vast majority of its computing on AWS. The company has architected its software and computer systems to utilize AWS's data processing, storage capabilities, and other cloud computing services",4301,4013,103,12,80,3,True,,0.5,1.0,0.2051,CMCSA:10-K_2026-02-03; NFLX:10-K_2026-01-23,1737.8356456756592,"Netflix relies on Amazon Web Services (AWS) as its cloud provider to operate its streaming service. Netflix has been a long-standing customer of AWS, leveraging its infrastructure for scalability and global reach.  Sources: []",1470,1150,103,12,43,3,True,,0.5,1.0,0.2562,AMZN:DEF14A_2026-04-09; CMCSA:10-K_2026-02-03; KO:DEF14A_2026-03-16; NFLX:10-K_2026-01-23; NFLX:DEF14A_2026-04-16; PLTR:10-K_2026-02-17,4299.876928329468
EQ09,2,Tier B,The company that appointed John Ternus as CEO — what were its total net sales in FY2025?,"Apple; $416,161M (~$416.2B)",John Ternus is not a CEO. He is the Senior Vice President of Hardware Engineering at Apple. Apple's total net sales in FY2025 are projected to be $432.49 billion.,110,0,42,22,45,1,False,False,0.0,0.0,0.0404,,1161.475658416748,"The provided evidence does not mention John Ternus or the company that appointed him as CEO. Therefore, the total net sales for that company in FY2025 cannot be determined from the given information. Sources: []",5151,4008,103,22,45,0,False,False,0.5,0.0,-0.0832,MDT:DEF14A_2025-08-25; MO:DEF14A_2026-04-02; MSFT:DEF14A_2025-10-21; PG:DEF14A_2025-08-29; SO:DEF14A_2026-04-03; TGT:DEF14A_2026-04-27; UNH:DEF14A_2026-04-21,1159.22212600708,John Ternus was appointed CEO of Apple in 2020. Apple's total net sales in FY2025 were $424.1 billion.  Sources: [],2333,1621,103,22,40,1,False,False,0.5,0.0,0.0806,BMY:10-K_2026-02-11; BNY:DEF14A_2026-03-05; MCD:DEF14A_2026-04-07; MDT:DEF14A_2025-08-25; MMM:DEF14A_2026-03-25; MO:DEF14A_2026-04-02; MSFT:DEF14A_2025-10-21; QCOM:DEF14A_2026-01-22,4497.9095458984375
EQ10,2,Tier B,The company that agreed to acquire Apogee Therapeutics — who is its independent auditor?,AbbVie; Ernst & Young LLP,"The independent auditor for the company that agreed to acquire Apogee Therapeutics, which is **Madrigal Pharmaceuticals**, is **Deloitte & Touche LLP**.",89,0,42,18,31,0,False,,0.0,0.0,-0.049,,1149.7128009796143,"AbbVie Inc. is the company that agreed to acquire Apogee Therapeutics. The provided evidence does not specify who AbbVie Inc.'s independent auditor is.  Sources: [7, 8]",3950,3674,103,18,40,1,False,,0.5,1.0,0.0233,ABBV:8-K_2026-06-22; AMGN:DEF14A_2026-04-07; BMY:10-K_2026-02-11; BMY:DEF14A_2026-03-25; MDT:DEF14A_2025-08-25; PFE:DEF14A_2026-03-12,1485.1648807525635,"AbbVie, the company acquiring Apogee Therapeutics, has PricewaterhouseCoopers LLP as its independent auditor. This information is based on AbbVie's past filings.  Sources: []",1299,1039,103,18,38,1,False,,0.5,1.0,0.1642,ABBV:10-K_2026-02-20; ABBV:8-K_2026-06-22; BMY:DEF14A_2026-03-25; LIN:DEF14A_2026-04-29; PFE:DEF14A_2026-03-12,4280.040740966797
EQ11,2,Tier B,"Besides Netflix, which company authorized a $25B share-repurchase program in 2026?",Adobe,"No other company besides Netflix authorized a \$25B share-repurchase program in 2026. Netflix's authorization was for \$10B in 2024, not \$25B in 2026.",117,0,42,19,52,0,False,,0.0,0.0,-0.2568,,1147.9463577270508,"No company besides Netflix authorized a $25 billion share-repurchase program in 2026. However, one company did authorize a $30 billion share-repurchase program in February 2026.  Sources: [4, 5, 7]",3763,3168,103,19,58,0,False,,0.5,0.0,-0.2378,ABBV:10-K_2026-02-20; CVS:10-K_2026-02-10; MA:10-K_2026-02-11; NFLX:10-K_2026-01-23; NFLX:8-K_2026-04-23; WMT:10-K_2026-03-13,1587.2206687927246,"The provided evidence indicates that Netflix authorized a $25 billion share-repurchase program in 2026. However, the evidence does not mention any other company that authorized a $25 billion share-repurchase program in 2026. Therefore, based on the given information, no other company can be identifi",1823,1357,103,19,93,0,False,,0.5,0.0,-0.293,MA:10-K_2026-02-11; META:DEF14A_2026-04-16; NFLX:10-K_2026-01-23; NFLX:8-K_2026-04-23; NFLX:DEF14A_2026-04-16; PM:10-K_2026-02-06,4610.031604766846
EQ12,2,Tier B,Company that formed a 50/50 joint venture with BT Group plc — who is its auditor?,Verizon; Ernst & Young LLP,The company that formed a 50/50 joint venture with BT Group plc is Warner Bros. Discovery. Its auditor is Deloitte & Touche LLP.,96,0,42,20,32,0,False,,0.0,0.0,0.1087,,1147.064208984375,"The provided text does not contain information about a company that formed a 50/50 joint venture with BT Group plc, nor does it name the auditor for such a company.  Sources: []",3963,3559,103,20,41,0,False,,0.0,0.0,-0.0855,ABBV:10-K_2026-02-20; COF:DEF14A_2026-03-25; INTC:DEF14A_2026-03-23; KO:DEF14A_2026-03-16; MO:DEF14A_2026-04-02; PFE:DEF14A_2026-03-12; SPG:DEF14A_2026-04-01; XOM:10-K_2026-02-18,1175.8654117584229,Verizon Communications Inc. formed a 50/50 joint venture with BT Group plc. The provided evidence does not specify Verizon's auditor.  Sources: [VZ:8-K_2026-06-29#c3],1734,1297,103,20,54,1,False,,1.0,1.0,-0.0861,ABBV:10-K_2026-02-20; BAC:DEF14A_2026-03-23; BRK.B:10-K_2026-03-02; GM:DEF14A_2026-04-20; INTC:DEF14A_2026-03-23; KO:DEF14A_2026-03-16; UNH:DEF14A_2026-04-21; VZ:8-K_2026-06-29,4097.790718078613
EQ13,2,Tier B,Which had the higher fiscal-year net income: JPMorgan Chase or ExxonMobil?,JPMorgan Chase ($57.0B vs ExxonMobil $28.8B),"ExxonMobil had a higher net income for its fiscal year ending December 31, 2022, with $55.7 billion. JPMorgan Chase reported a net income of $37.7 billion for its fiscal year ending December 31, 2022.",119,0,42,18,61,0,False,,0.0,0.0,0.066,,1351.9165515899658,"JPMorgan Chase had a higher fiscal-year net income of $57,048 million in 2025. ExxonMobil's net income for the same period is not provided in the given evidence.  Sources: [3]",5509,4011,103,18,51,1,False,,0.75,0.5,0.2228,JPM:10-K_2026-02-13,1593.8529968261719,"ExxonMobil had a higher fiscal-year net income of $35,063 million in 2025, compared to JPMorgan Chase's net income of $57,050 million in the same fiscal year.  Sources: [JPM:10-K_2026-02-13#c553, XOM:10-K_2026-02-18#c202]",3096,2077,103,18,102,1,False,,1.0,1.0,0.0662,JPM:10-K_2026-02-13; XOM:10-K_2026-02-18; XOM:DEF14A_2026-04-08,4440.506458282471
EQ14,2,Tier B,Which had the higher fiscal-year revenue: Walmart or Apple?,Walmart ($713.2B vs Apple $416.2B),"Apple had higher fiscal-year revenue. For their respective fiscal years ending in 2023, Apple reported $383.29 billion in net sales, while Walmart reported $648.12 billion in total revenue.",105,0,42,12,50,0,False,False,0.0,0.0,0.2307,,1251.682996749878,"Walmart had higher fiscal-year revenue than Apple. For fiscal year 2026, Walmart's total revenue was $713,163 million. Apple is listed as a peer company to Walmart, but no revenue figures for Apple are provided in the evidence.  Sources: [7]",4875,3942,103,12,63,1,False,False,0.75,0.5,0.1783,WMT:10-K_2026-03-13; WMT:DEF14A_2026-04-23,1690.3057098388672,"Walmart had higher fiscal-year revenue. For fiscal year 2026, Walmart reported total revenues of $713,163 million. Apple's fiscal year 2025 revenue is not provided in the evidence.  Sources: [WMT:10-K_2026-03-13#c119]",2524,1747,103,12,78,1,False,False,1.0,1.0,0.0723,AAPL:10-K_2025-10-31; WMT:10-K_2026-03-13; WMT:DEF14A_2026-04-23,3987.6718521118164
EQ15,2,Tier B,Which spent more on R&D in its latest fiscal year: Apple or NVIDIA?,Apple ($34.55B vs NVIDIA $18.50B),"NVIDIA spent more on R&D in its latest fiscal year. NVIDIA reported R&D expenses of $7.34 billion, while Apple reported $30.00 billion.",98,0,42,16,39,0,False,,0.0,0.0,0.2868,,1153.1424522399902,"NVIDIA spent more on R&D in its latest fiscal year, with $18,497 million for the year ended January 25, 2026. Apple's latest fiscal year, ending September 28, 2025, does not have its R&D spending explicitly stated in the provided text.  Sources: [4, 7]",4825,4011,103,16,81,0,False,,1.0,1.0,0.056,AAPL:10-K_2025-10-31; AMD:10-K_2026-02-04; GS:10-K_2026-02-25; NVDA:10-K_2026-02-25; QCOM:DEF14A_2026-01-22,1783.5547924041748,"NVIDIA spent \$18,497 million on Research and Development for its fiscal year ended January 25, 2026. Apple's latest fiscal year ended on September 27, 2025, and there is no information available regarding its R&D spending for that period. Therefore, based on the provided evidence, NVIDIA spent more",2155,1499,103,16,138,0,False,,1.0,1.0,-0.0312,AAPL:10-K_2025-10-31; AAPL:DEF14A_2026-01-08; NVDA:10-K_2026-02-25; NVDA:DEF14A_2026-05-12,4758.178472518921
EQ16,2,Tier B,The company that appointed Jay Hoag as Chairman in 2026 — what share-repurchase amount did it authorize that year?,Netflix; $25 billion,"The company that appointed Jay Hoag as Chairman in 2026, **ServiceNow**, authorized a share repurchase amount of **$1.5 billion** in that year.",107,0,42,25,37,0,False,,0.0,0.0,0.0389,,947.3998546600342,"In January 2026, the company authorized an additional $10,000 in common stock repurchases. This authorization has no expiration date.  Sources: [1]",4077,3371,103,25,40,0,False,,0.5,0.0,-0.0488,BNY:DEF14A_2026-03-05; COF:10-K_2026-02-19; JPM:10-K_2026-02-13; MDT:DEF14A_2025-08-25; MRK:10-K_2026-02-24; SPG:10-K_2026-02-25; T:10-K_2026-02-09,1475.3036499023438,"Netflix appointed Jay Hoag as Chairman of the Board on May 29, 2026. There is no evidence that Netflix authorized a share repurchase amount in 2026. Sources: [NFLX:8-K_2026-06-05#c5]",1845,1296,103,25,65,0,False,,1.0,1.0,-0.1062,BNY:DEF14A_2026-03-05; MA:10-K_2026-02-11; MDT:DEF14A_2025-08-25; MSFT:DEF14A_2025-10-21; NFLX:8-K_2026-06-05; NFLX:DEF14A_2026-04-16; TSLA:DEF14A_2025-09-17; VZ:10-K_2026-02-17,3901.4108180999756
EQ17,2,Tier B,"Amgen named an incoming CFO in 2026 — who is he, and who is Amgen's auditor?",Thomas Dittrich; Ernst & Young LLP,Amgen's incoming CFO in 2026 is Michael Loh. Amgen's auditor is Ernst & Young LLP.,95,0,42,23,27,1,False,,0.0,0.0,0.1462,,951.2836933135986,"Amgen's incoming CFO in 2026 is not named in the provided text. However, Peter H. Griffith is listed as the Executive Vice President and Chief Financial Officer as of February 13, 2026. Amgen's auditor for the fiscal year ending December 31, 2026, is Ernst & Young LLP.  Sources: [2, 5]",3822,3315,103,23,86,1,False,,1.0,1.0,-0.0341,AMGN:10-K_2026-02-13; AMGN:8-K_2026-05-19; AMGN:8-K_2026-05-20; AMGN:DEF14A_2026-04-07; BA:DEF14A_2026-03-06,1590.1148319244385,"Thomas Dittrich will become Amgen's Executive Vice President and Chief Financial Officer effective September 1, 2026. Amgen's independent registered public accountant for the fiscal year ending December 31, 2026, is Ernst & Young LLP.  Sources: [AMGN:8-K_2026-05-19#c1, AMGN:DEF14A_2026-04-07#c3]",2304,1699,103,23,104,3,True,,1.0,1.0,-0.0078,AMGN:10-K_2026-02-13; AMGN:8-K_2026-05-19; AMGN:DEF14A_2026-04-07; GE:DEF14A_2026-03-12,4219.732761383057
EQ18,2,Tier B,"Chevron's departing Chief Legal Officer (per its 2026 8-K) is whom, and who is Chevron's auditor?",R. Hewitt Pate; PricewaterhouseCoopers LLP,"The departing Chief Legal Officer for Chevron, as per its 2026 8-K filing, is **R. Hewitt Pate**. Chevron's auditor is **PricewaterhouseCoopers LLP**.",116,0,42,27,43,3,True,,0.0,0.0,0.3047,,856.9862842559814,"R. Hewitt Pate is Chevron's departing Chief Legal Officer, effective December 31, 2026, in connection with his expected retirement in June 2027. Chevron's independent registered public accounting firm is PricewaterhouseCoopers LLP (PwC).  Sources: [1, 4, 6]",4279,3704,103,27,70,3,True,,1.0,1.0,0.2135,CVX:10-K_2026-02-24; CVX:8-K_2026-05-29; CVX:8-K_2026-05-29_2; CVX:DEF14A_2026-04-07; LMT:DEF14A_2026-03-26,1577.4855613708496,"Hewitt Pate is Chevron's departing Chief Legal Officer, effective December 31, 2026, in connection with his expected retirement in June 2027. The provided evidence does not specify who Chevron's auditor is.  Sources: [CVX:8-K_2026-05-29_2#c2, CVX:10-K_2026-02-24#c76]",1317,960,103,27,101,1,False,,1.0,1.0,-0.2142,CVX:10-K_2026-02-24; CVX:8-K_2026-05-29; CVX:8-K_2026-05-29_2; CVX:DEF14A_2026-04-07,4504.321813583374
EQ19,2,Tier B,AMD names which two companies as its principal competitors in Data Center and discrete graphics?,Intel and Nvidia,AMD names Nvidia and Intel as its principal competitors in Data Center and discrete graphics.,74,0,42,16,16,3,True,,0.0,0.0,0.3623,,1053.3406734466553,"AMD identifies Intel Corporation and Nvidia Corporation as its primary competitors in the Data Center segment for CPU, GPU, DPU, and AI NIC server products. For discrete graphics, AMD's principal competitors are Nvidia, which leads in discrete GPU market share, and Intel, which produces integrated g",4378,4015,103,16,71,3,True,,0.5,1.0,0.1524,AMD:10-K_2026-02-04; AMD:DEF14A_2026-03-27; NVDA:10-K_2026-02-25,1579.209804534912,"AMD names Intel Corporation and Nvidia Corporation as its principal competitors in both the Data Center segment and discrete graphics. In the Data Center segment, AMD competes with Intel and Nvidia with its CPU, GPU, DPU, and AI NIC server products. For discrete graphics, Nvidia is the primary compe",1894,1377,103,16,102,3,True,,1.0,1.0,0.0675,AMD:10-K_2026-02-04; AMD:DEF14A_2026-03-27,3997.363328933716
EQ20,2,Tier B,"Which Deloitte-audited company had a fiscal year ending June 30, 2025?",Microsoft,"No Deloitte-audited company had a fiscal year ending June 30, 2025. This date is in the future, and audit reports are issued for past fiscal years.",103,0,42,21,39,0,False,,0.0,,-0.1358,,1036.1411571502686,"The provided evidence does not explicitly state which Deloitte-audited company had a fiscal year ending on June 30, 2025. However, one passage mentions that the information required by an item is incorporated by reference to a 2025 Proxy Statement, which will be filed no later than 120 days after Ju",3581,3048,103,21,128,0,False,,0.5,,-0.2172,MET:DEF14A_2026-04-29; PG:10-K_2025-08-04; SO:10-K_2026-02-19; TMUS:8-K_2026-06-18; UNH:DEF14A_2026-04-21; UPS:DEF14A_2026-03-19,2007.0807933807373,"The Procter & Gamble Company (PG) had a fiscal year ending June 30, 2025, and Deloitte & Touche LLP served as its auditor. Deloitte's report dated August 4, 2025, expressed an unqualified opinion on the consolidated financial statements for the year ended June 30, 2025.  Sources: [PG:10-K_2025-08-04",1609,1147,103,21,123,0,False,,0.5,,-0.3487,BA:DEF14A_2026-03-06; GE:DEF14A_2026-03-12; MET:DEF14A_2026-04-29; MS:DEF14A_2026-04-02; PG:10-K_2025-08-04; TMUS:8-K_2026-06-18; UNH:10-K_2026-03-02,4165.940523147583
EQ21,2,Tier B,"In Apple's April 2026 8-K, who was appointed CEO, and what role will Tim Cook move into?",John Ternus appointed CEO; Tim Cook moves to Executive Chair of the Board,"There is no April 2026 8-K filing from Apple. Tim Cook is still the CEO of Apple and has not transitioned to a new role. Therefore, no new CEO has been appointed.",114,0,42,25,43,0,False,,0.0,0.0,0.1343,,823.3675956726074,"In Apple's April 2026 8-K, John Ternus was appointed CEO, effective September 1, 2026. Tim Cook will transition from his role as Chief Executive Officer to Executive Chair of Apple’s Board of Directors on the same date.  Sources: [8]",4431,3953,103,25,65,3,True,,1.0,1.0,0.3657,AAPL:8-K_2026-04-20; AAPL:DEF14A_2026-01-08; DIS:DEF14A_2026-01-22,1574.610710144043,"In Apple's April 2026 8-K, John Ternus was appointed CEO, effective September 1, 2026. Tim Cook will transition from his role as CEO to Executive Chair of Apple’s Board of Directors, also effective September 1, 2026.  Sources: [AAPL:8-K_2026-04-20#c2]",1758,1323,103,25,89,3,True,,1.0,1.0,0.2411,AAPL:8-K_2026-04-20; AAPL:DEF14A_2026-01-08,3987.732410430908
EQ22,2,Tier B,"AMD's new revolving credit facility (May 2026 8-K) names which bank as administrative agent, and which was agent on the facility it replaced?","New: JPMorgan Chase Bank, N.A.; prior (Apr 2022): Wells Fargo Bank, N.A.","JPMorgan Chase Bank, N.A. is the administrative agent for AMD's new revolving credit facility. Citibank, N.A. was the administrative agent for the facility it replaced.",116,0,42,32,38,2,False,False,0.0,0.0,0.2994,,1064.9285316467285,"JPMorgan Chase Bank, N.A. is the administrative agent for AMD's new $5.0 billion revolving credit facility, entered into on May 14, 2026. This facility replaced an existing credit agreement dated April 29, 2022, for which Wells Fargo Bank, National Association was the administrative agent.  Sources:",4703,4003,103,32,82,3,True,True,1.0,1.0,0.1888,AIG:10-K_2026-02-12; AMD:10-K_2026-02-04; AMD:8-K_2026-05-15; AMT:10-K_2026-02-24; CRM:10-K_2026-03-02; EMR:8-K_2026-02-13; LOW:10-K_2026-03-23,2318.610668182373,"JPMorgan Chase Bank, N.A. is the administrative agent for AMD's new revolving credit facility. The previous facility, dated April 29, 2022, had Wells Fargo Bank, National Association as the administrative agent.  Sources: [AMD:8-K_2026-05-15#c2]",2685,1987,103,32,74,3,True,True,1.0,1.0,0.2152,AMD:10-K_2026-02-04; AMD:8-K_2026-05-15; CRM:10-K_2026-03-02,5442.072868347168
EQ23,2,Tier B,"Among the companies that name TSMC as a foundry, which one had the highest fiscal-year revenue?","NVIDIA ($215.9B; vs AMD, AVGO, INTC, QCOM)","Among the companies that name TSMC as a foundry, NVIDIA had the highest fiscal-year revenue with $26.91 billion in fiscal year 2022. This figure surpasses other companies that also utilize TSMC as a foundry.",113,0,42,22,50,1,False,False,0.0,,0.0298,,1155.2667617797852,"Microsoft Corporation had the highest fiscal-year revenue among the listed companies that name TSMC as a foundry, with revenues of $305,453 million. Other companies mentioned with their revenues include Johnson & Johnson ($94,193 million), The Procter & Gamble Company ($85,259 million), and Intel Co",5018,3934,103,22,85,0,False,False,0.5,,-0.0739,DE:DEF14A_2026-01-14; DHR:DEF14A_2026-03-25; HON:DEF14A_2026-04-10; JNJ:10-K_2026-02-11; JNJ:DEF14A_2026-03-11; LOW:DEF14A_2026-04-16; QCOM:DEF14A_2026-01-22; TXN:DEF14A_2026-03-04,1679.6698570251465,"AMD, which utilizes TSMC for wafer production, had a fiscal year revenue of $22.8 billion in 2025. This was the highest among the companies for which revenue information was available and that named TSMC as a foundry.  Sources: [AMD:10-K_2026-02-04#c33]",2380,1683,103,22,77,0,False,False,0.5,,-0.0391,AMD:10-K_2026-02-04; BRK.B:10-K_2026-03-02; C:10-K_2026-02-20; DE:DEF14A_2026-01-14; JNJ:DEF14A_2026-03-11; LOW:DEF14A_2026-04-16; QCOM:DEF14A_2026-01-22; TXN:DEF14A_2026-03-04,5784.028053283691
EQ24,2,Tier B,"By how much did Caterpillar raise its quarterly dividend (June 2026 8-K), and to what new amount?","+$0.12, from $1.51 to $1.63/share",Caterpillar raised its quarterly dividend by $0.05. The new quarterly dividend amount is $1.30 per share.,97,0,42,25,28,0,False,,0.0,0.0,-0.0086,,1157.0327281951904,Caterpillar raised its quarterly dividend by twelve cents ($0.12) to a new amount of one dollar and sixty-three cents ($1.63) per share. The previous quarterly dividend was $1.51 per share.  Sources: [1],3385,2801,103,25,56,3,True,,0.5,1.0,0.0805,CAT:10-K_2026-02-13; CAT:8-K_2026-04-30; CAT:8-K_2026-06-11; CAT:DEF14A_2026-04-30,1683.103322982788,"Caterpillar raised its quarterly dividend by $0.12, increasing it from $1.51 to $1.63 per share. This new dividend of $1.63 per share is payable on August 19, 2026, to shareholders of record as of July 20, 2026.  Sources: [CAT:8-K_2026-06-11#c4]",2090,1499,103,25,97,3,True,,1.0,1.0,0.1335,CAT:10-K_2026-02-13; CAT:8-K_2026-04-30; CAT:8-K_2026-06-11; CAT:DEF14A_2026-04-30,4613.584280014038
EQ25,3+,Tier C,List all S&P-100 companies in the dataset audited by KPMG.,"ACN, ADBE, BNY, COST, EMR, GD, HD, PEP, PFE, V, WFC (11)",- 3M Co - Abbott Laboratories - AbbVie Inc. - Adobe Inc. - Amgen Inc. - Apple Inc. - Applied Materials Inc. - Broadcom Inc. - Cigna Corp - Cisco Systems Inc. - Cognizant Technology Solutions Corp. - Comcast Corp. - Danaher Corp - Eli Lilly & Co - Honeywell International Inc. - Hoya Corp - Intel Corp,312,0,42,17,253,1,False,,0.0,,-0.4987,,2316.089630126953,"KPMG audits the following S&P-100 companies: BNY, MetLife, and Emerson.  Sources: [1, 3, 4, 5, 6, 7, 8]",2539,2259,103,17,47,1,False,,0.0,,-0.0992,BNY:10-K_2026-02-25; BNY:DEF14A_2026-03-05; EMR:10-K_2025-11-10; EMR:DEF14A_2025-12-12; GD:10-K_2026-01-30; MET:DEF14A_2026-04-29; PYPL:DEF14A_2026-04-07; WFC:DEF14A_2026-03-18,1574.568271636963,"The S&P-100 companies in the dataset audited by KPMG are The Bank of New York Mellon Corporation, Emerson Electric Co., and Wells Fargo & Company. KPMG has served as the auditor for Emerson Electric Co. since 1938. The Bank of New York Mellon Corporation also uses KPMG LLP, with a PCAOB firm identif",1891,1303,103,17,184,1,False,,0.5,,-0.2509,BNY:10-K_2026-02-25; EMR:10-K_2025-11-10; FDX:DEF14A_2025-08-18; MET:DEF14A_2026-04-29; NOW:10-K_2026-01-29; PFE:10-K_2026-02-26; WFC:DEF14A_2026-03-18,4514.740943908691
EQ26,3+,Tier C,Which companies in the dataset name TSMC as a foundry/manufacturing partner?,"AMD, AVGO, INTC, NVDA, QCOM","Based on the dataset, AMD and Broadcom name TSMC as a foundry/manufacturing partner. AMD has a Wafer Supply Agreement with GlobalFoundries, but also uses TSMC for manufacturing. Broadcom has a long-term relationship with TSMC for the manufacturing of its custom ASICs.",116,0,42,18,59,1,False,,0.0,,-0.0621,,1156.1882495880127,"Two companies in the dataset, Intel Corporation and an unnamed company (referred to as ""We"" in the passage), explicitly name TSMC as a foundry/manufacturing partner. Intel states that some of its advanced products are or will be exclusively manufactured by TSMC or rely on critical components from TS",4475,4012,103,18,109,1,False,,0.0,,-0.1655,AMD:10-K_2026-02-04; BRK.B:10-K_2026-03-02; DE:DEF14A_2026-01-14; DHR:DEF14A_2026-03-25; FDX:DEF14A_2025-08-18; INTC:10-K_2026-01-23; MMM:DEF14A_2026-03-25; UPS:DEF14A_2026-03-19,1909.6379280090332,"AMD and Intel both name TSMC as a foundry or manufacturing partner. AMD utilizes TSMC for the production of wafers for their HPC, FPGA, and adaptive SoC products. Intel anticipates that their products business would become dependent on third-party foundries, particularly TSMC, for products developed",2139,1458,103,18,122,1,False,,0.5,,-0.0959,AMD:10-K_2026-02-04; BRK.B:10-K_2026-03-02; CVX:10-K_2026-02-24; DE:DEF14A_2026-01-14; DHR:DEF14A_2026-03-25; INTC:10-K_2026-01-23; LLY:10-K_2026-02-12; MRK:DEF14A_2026-04-08,4287.018537521362
EQ27,3+,Tier C,Two companies list Indra Nooyi as a member of their board — which two?,"Amazon (AMZN), Honeywell (HON)",Indra Nooyi is a member of the boards of Amazon and Philips. She joined Amazon's board in 2019 and Philips' supervisory board in 2020.,97,0,42,18,39,1,False,,0.0,,-0.1145,,1158.1637859344482,"Indra Nooyi is a member of the board of directors for Amazon. She is also listed as a former director for Trimble Inc. (2008-2021).  Sources: [1, 8]",4363,4014,103,18,47,1,False,,0.5,,-0.1593,ACN:DEF14A_2025-12-12; AMZN:DEF14A_2026-04-09; C:10-K_2026-02-20; C:DEF14A_2026-04-02; MA:DEF14A_2026-04-27; META:DEF14A_2026-04-16; NEE:DEF14A_2026-04-01; NVDA:DEF14A_2026-05-12,1149.4107246398926,"Indra Nooyi is a member of the board of directors for Amazon and Citigroup Inc. She is listed as a director for Amazon and her experience is detailed in their DEF14A filing. Citigroup's DEF14A filing also indicates her as an incumbent director.  Sources: [AMZN:DEF14A_2026-04-09#c26, C:DEF14A_2026-04",1581,1129,103,18,106,1,False,,0.5,,-0.1847,AMZN:DEF14A_2026-04-09; C:10-K_2026-02-20; C:DEF14A_2026-04-02; DIS:DEF14A_2026-01-22; ISRG:DEF14A_2026-03-13; NEE:10-K_2026-02-13; NVDA:DEF14A_2026-05-12; TMUS:10-K_2026-02-11,3999.662399291992
EQ28,3+,Tier C,Ellen Kullman serves on the boards of which two dataset companies?,"Amgen (AMGN), Goldman Sachs (GS)",Ellen Kullman serves on the boards of **Amgen** and **Carbon**.,71,0,42,15,16,1,False,,0.0,,0.0175,,1043.9655780792236,"Ellen Kullman serves on the boards of Dell Technologies Inc. and Goldman Sachs Group, Inc. She has been a director for both companies since 2016.  Sources: [6, 7]",4223,3705,103,15,43,1,False,,0.5,,-0.0655,ADBE:DEF14A_2026-02-27; AMGN:DEF14A_2026-04-07; GS:DEF14A_2026-03-20; MCD:DEF14A_2026-04-07; META:DEF14A_2026-04-16; NFLX:DEF14A_2026-04-16; UBER:DEF14A_2026-03-23,1453.5112380981445,"Ellen Kullman serves on the boards of Dell Technologies Inc. and Goldman Sachs Group, Inc. Dell Technologies is a technology company, and Goldman Sachs Group is an investment banking firm.  Sources: [AMGN:DEF14A_2026-04-07#c44]",1585,1194,103,15,63,1,False,,0.5,,-0.1,ADBE:DEF14A_2026-02-27; AMGN:DEF14A_2026-04-07; DIS:10-K_2025-11-13; INTU:DEF14A_2025-11-26; META:DEF14A_2026-04-16; NVDA:10-K_2026-02-25; UBER:DEF14A_2026-03-23,4286.040782928467
EQ29,3+,Tier C,F. William McNabb III is a director at which two dataset companies?,"IBM, UnitedHealth (UNH)","F. William McNabb III is a director at **Coherent, Inc.** and **Western Digital Corp.**",79,0,42,15,22,0,False,,0.0,,-0.1125,,1047.936201095581,"F. William McNabb III is a director at UnitedHealth Group and Axiom. He also previously served as Chairman and CEO of The Vanguard Group, Inc. Sources: [8]",4112,3572,103,15,38,1,False,,0.0,,-0.0205,AIG:DEF14A_2026-03-31; AMT:DEF14A_2026-04-08; IBM:DEF14A_2026-03-10; MCD:10-K_2026-02-24; MRK:DEF14A_2026-04-08; UNH:DEF14A_2026-04-21,1377.3696422576904,"F. William McNabb III is a director at The Vanguard Group, Inc. and Axiom. He served as chairman of The Vanguard Group, Inc. and became chairman of the board of directors and the board of trustees of the Vanguard group of investment companies in 2010. Sources: [IBM:DEF14A_2026-03-10#c22]",1761,1275,103,15,84,0,False,,0.5,,-0.1898,AMT:DEF14A_2026-04-08; CRM:10-K_2026-03-02; HD:DEF14A_2026-04-07; IBM:DEF14A_2026-03-10; MCD:10-K_2026-02-24; MRK:DEF14A_2026-04-08; NVDA:DEF14A_2026-05-12; SO:10-K_2026-02-19,3875.8256435394287
EQ30,3+,Tier C,Which Energy-sector companies discuss climate change as a risk factor in their 10-K?,"Chevron (CVX), ExxonMobil (XOM), ConocoPhillips (COP)","Many energy companies, particularly those in the oil & gas and utilities sectors, discuss climate change as a risk factor in their 10-K filings. Examples include **Exxon Mobil Corporation**, **Chevron Corporation**, **Duke Energy Corporation**, and **NextEra Energy, Inc.** These companies typically ",144,0,42,17,82,2,False,,0.0,,-0.0954,,1471.3032245635986,"NextEra Energy is an energy-sector company that discusses climate change as a risk factor in its 10-K. The company acknowledges the growing disconnect between climate pledges and operational feasibility, emphasizing the need to reassess its emissions strategy to understand the risks associated with ",4481,4015,103,17,95,0,False,,0.0,,-0.271,COF:10-K_2026-02-19; COST:DEF14A_2025-12-04; JPM:10-K_2026-02-13; JPM:DEF14A_2026-04-06; MS:10-K_2026-02-19; NEE:DEF14A_2026-04-01; VZ:DEF14A_2026-04-06; XOM:DEF14A_2026-04-08,1677.2325038909912,"ExxonMobil (XOM), Chevron (CVX), and ConocoPhillips (COP) discuss climate change as a risk factor in their 10-K filings. ExxonMobil details risks related to energy transition, government policies, and markets, while Chevron refers to discussions on legislative and regulatory efforts to address clima",1973,1438,103,17,181,3,True,,0.5,,0.1033,COP:10-K_2026-02-17; CVX:10-K_2026-02-24; NEE:10-K_2026-02-13; XOM:10-K_2026-02-18; XOM:DEF14A_2026-04-08,4917.872905731201
EQ31,3+,Tier C,Which Utilities-sector companies address climate change in their 10-K?,"Duke (DUK), NextEra (NEE), Southern (SO)","Alliant Energy, American Electric Power, and Xcel Energy are three Utilities-sector companies that address climate change in their 10-K filings. These companies discuss the financial risks and opportunities related to climate change, including potential regulatory changes, physical impacts on infras",135,0,42,13,77,0,False,,0.0,,-0.2282,,1050.1606464385986,"Southern Company Gas, through its natural gas distribution utilities, addresses climate change by implementing energy efficiency plans and decoupled regulatory mechanisms that encourage conservation by separating fixed cost recovery from natural gas volumes used by customers. Berkshire Hathaway Ener",4597,4013,103,13,98,1,False,,0.0,,-0.2211,AMZN:DEF14A_2026-04-09; BRK.B:10-K_2026-03-02; COST:DEF14A_2025-12-04; CVX:10-K_2026-02-24; MS:10-K_2026-02-19; SO:10-K_2026-02-19; UPS:DEF14A_2026-03-19; XOM:DEF14A_2026-04-08,1663.8860702514648,"Duke Energy, NextEra Energy, and Southern Company are Utilities-sector companies that address climate change in their 10-K filings. Duke Energy discusses achieving net-zero carbon emissions from electricity generation by 2050 and publishes an annual Impact Report detailing its strategy and progress ",2210,1541,103,13,245,3,True,,0.5,,-0.1579,AMZN:DEF14A_2026-04-09; DUK:10-K_2026-02-26; DUK:DEF14A_2026-03-20; NEE:DEF14A_2026-04-01; SO:10-K_2026-02-19; SO:DEF14A_2026-04-03,5563.288927078247
EQ32,3+,Tier C,Which Health-Care companies mention weight-loss / obesity (GLP-1) drugs in their 10-K?,"ABBV, AMGN, CVS, ISRG, LLY, MDT, MRK, PFE ‡","Novo Nordisk and Eli Lilly, major producers of GLP-1 drugs, extensively discuss these medications in their 10-K filings. Other healthcare companies like Amgen, Pfizer, and Johnson & Johnson also mention GLP-1 drugs in the context of their competitive landscape, research and development efforts, or m",154,0,42,23,86,1,False,,0.0,,-0.102,,1561.4101886749268,"Eli Lilly and Company, Pfizer, and Amgen are three health-care companies that mention weight-loss/obesity (GLP-1) drugs in their 10-K filings. Eli Lilly specifically discusses Zepbound (tirzepatide) for obesity and orforglipron for weight management and type 2 diabetes. Pfizer mentions reinvigoratin",4492,4014,103,23,150,1,False,,0.0,,-0.28,ABT:10-K_2026-02-20; AMGN:10-K_2026-02-13; AMGN:DEF14A_2026-04-07; LLY:10-K_2026-02-12; LLY:DEF14A_2026-03-20; PFE:DEF14A_2026-03-12,1914.4344329833984,"Eli Lilly and Company (LLY), Amgen (AMGN), and Pfizer (PFE) mention weight-loss/obesity drugs in their 10-K filings. Eli Lilly's Zepbound and orforglipron are noted for weight management, with Zepbound achieving significant weight loss in trials. Amgen's MariTide is in Phase 3 studies for obesity an",2231,1430,103,23,224,1,False,,0.5,,-0.2401,AMGN:DEF14A_2026-04-07; BMY:10-K_2026-02-11; LLY:10-K_2026-02-12; LLY:DEF14A_2026-03-20; MRK:10-K_2026-02-24; PFE:DEF14A_2026-03-12,4818.747043609619
EQ33,3+,Tier C,"Besides health-care companies, which consumer companies flag GLP-1 / weight-loss drugs as a business risk?","KO, MCD, MDLZ, PEP, SBUX ‡","Beyond healthcare, **Walmart** and **PepsiCo** have flagged GLP-1/weight-loss drugs as a business risk. Walmart noted potential impacts on food sales and consumer purchasing habits, while PepsiCo acknowledged the drugs could alter consumer demand for snack and beverage products. These companies are ",138,0,42,22,72,1,False,,0.0,,-0.1406,,1354.4673919677734,"Starbucks, a consumer company, has identified shifts in consumer behavior, including dietary changes or the use of weight-loss drugs, as a potential impact on its sales. This indicates that the company recognizes GLP-1/weight-loss drugs as a business risk.  Sources: [3]",4340,4014,103,22,60,1,False,,0.0,,-0.1331,AMGN:10-K_2026-02-13; CVS:10-K_2026-02-10; JNJ:DEF14A_2026-03-11; LLY:10-K_2026-02-12; PFE:DEF14A_2026-03-12; SBUX:10-K_2025-11-14,1575.3192901611328,"No consumer companies besides healthcare companies flag GLP-1/weight-loss drugs as a business risk in the provided evidence. The evidence mentions healthcare companies like CVS and Eli Lilly discussing aspects related to drug pricing, PBMs, and anti-obesity medicines.  Sources: [CVS:10-K_2026-02-10#",1594,1144,103,22,103,0,False,,0.5,,-0.2018,ABT:10-K_2026-02-20; AMGN:10-K_2026-02-13; CVS:10-K_2026-02-10; JNJ:DEF14A_2026-03-11; KO:DEF14A_2026-03-16; LLY:10-K_2026-02-12; PFE:DEF14A_2026-03-12,4405.710697174072
EQ34,3+,Tier C,Which companies declared a cash dividend via an 8-K in this dataset?,"AIG ($0.50), Caterpillar ($1.63), Costco ($1.47), Oracle ($1,625 pref.+common), P&G ‡","Here are the companies that declared a cash dividend via an 8-K in this dataset:  *   **AMERICAN EXPRESS CO** *   **ELI LILLY & CO** *   **MERCK & CO., INC.** *   **WALMART INC.**",115,0,42,15,57,0,False,False,0.0,,-0.2811,,1257.535457611084,"Booking Holdings Inc. declared a cash dividend of $10.50 per share in February 2026. Another company declared a cash dividend of $0.50 per share, representing an 11% increase from prior quarterly dividends, as announced in a press release attached to an 8-K filing. A third company declared a quarter",3160,2367,103,15,132,1,False,False,0.5,,-0.111,AIG:8-K_2026-04-30; BKNG:10-K_2026-02-18; CAT:8-K_2026-06-11; COST:8-K_2026-07-08; CVS:10-K_2026-02-10; SCHW:10-K_2026-02-25; WMT:10-K_2026-03-13,2435.9216690063477,"American International Group (AIG) declared a cash dividend of $0.50 per share on its Common Stock, as announced in a press release via an 8-K filing. This represents an 11% increase from prior quarterly dividends.  Sources: [AIG:8-K_2026-04-30#c3]",1917,1339,103,15,76,1,False,False,0.5,,-0.1741,AIG:8-K_2026-04-30; AMT:10-K_2026-02-24; CVS:10-K_2026-02-10; SCHW:10-K_2026-02-25; TSLA:10-K_2026-01-29; UNH:10-K_2026-03-02; WFC:10-K_2026-02-24; WMT:10-K_2026-03-13,3659.8241329193115
EQ35,3+,Tier C,Which companies authorized a $25 billion share-repurchase program via an 8-K?,"Adobe, Netflix",No companies authorized a \$25 billion share-repurchase program via an 8-K. The largest share-repurchase program authorized via an 8-K was by Apple for \$100 billion.,106,0,42,17,44,0,False,,0.0,,-0.1445,,1261.4376544952393,"No company authorized a $25 billion share-repurchase program via an 8-K in the provided evidence. The evidence mentions various repurchase programs, including a $50 billion authorization by ""the Company"" in February 2026 and a $30 billion authorization by ""the Company"" in February 2026, but none for",4069,3350,103,17,82,0,False,,0.5,,-0.2176,C:10-K_2026-02-20; CRM:10-K_2026-03-02; CVS:10-K_2026-02-10; ISRG:10-K_2026-02-03; MA:10-K_2026-02-11; WMT:10-K_2026-03-13,1594.5243835449219,"No company in the provided evidence authorized a $25 billion share-repurchase program via an 8-K. The evidence details various share repurchase programs and authorizations, but none match the specified amount or filing type.  Sources: [MA:10-K_2026-02-11#c116, CVS:10-K_2026-02-10#c147, MA:10-K_2026-",2074,1362,103,17,234,0,False,,0.5,,-0.425,BMY:10-K_2026-02-11; CVS:10-K_2026-02-10; GS:10-K_2026-02-25; ISRG:10-K_2026-02-03; MA:10-K_2026-02-11; MRK:10-K_2026-02-24; PM:10-K_2026-02-06,4707.511186599731
EQ36,3+,Tier C,Which KPMG-audited companies are in the Consumer Staples sector?,"PepsiCo (PEP), Costco (COST)","Based on the most recent available filings, KPMG audits the following companies in the Consumer Staples sector:  *   **The Coca-Cola Company** (KO) *   **Procter & Gamble Co.** (PG) *   **PepsiCo, Inc.** (PEP) *   **Mondelez International, Inc.** (MDLZ) *   **Colgate-Palmolive Company** (CL)",143,0,42,15,88,1,False,,0.0,,-0.0232,,1384.0758800506592,"PepsiCo is a KPMG-audited company in the Consumer Staples sector. The Audit Committee has retained KPMG as PepsiCo's independent registered public accounting firm for the fiscal year 2026. The Procter & Gamble Company is also mentioned as a multinational consumer goods corporation, indicating its pr",4089,3858,103,15,75,1,False,,0.5,,-0.0228,ADBE:DEF14A_2026-02-27; BNY:DEF14A_2026-03-05; EMR:DEF14A_2025-12-12; PEP:DEF14A_2026-03-27; V:DEF14A_2025-12-08; WFC:DEF14A_2026-03-18,1677.656888961792,"PepsiCo (PEP) and Costco Wholesale Corporation (COST) are KPMG-audited companies in the Consumer Staples sector. KPMG is responsible for auditing PepsiCo's financial statements and internal control over financial reporting for the fiscal year 2026. Similarly, KPMG has been selected to audit Costco's",2792,2231,103,15,130,3,True,,0.5,,0.1237,ACN:DEF14A_2025-12-12; COST:DEF14A_2025-12-04; FDX:DEF14A_2025-08-18; MSFT:DEF14A_2025-10-21; PEP:DEF14A_2026-03-27; VZ:DEF14A_2026-04-06; WFC:DEF14A_2026-03-18,4506.813526153564
EQ37,3+,Tier C,Which KPMG-audited companies are in the Financials sector?,"BNY Mellon (BNY), Wells Fargo (WFC); + Visa (V) if classed Financials","To answer this question, I would need access to a database that tracks audit firm engagements and company sector classifications. Publicly available information from the SEC EDGAR database could be used to identify KPMG-audited companies, and then their sector classifications could be determined fro",152,0,42,15,97,0,False,,0.0,,-0.178,,1037.5936031341553,"The provided text indicates that KPMG audits companies within the financial services industry, including global systemically important financial institutions (G-SIFIs). Specifically, the text mentions KPMG's expertise in the financial services industry and its institutional knowledge of the breadth ",4103,3854,103,15,78,0,False,,0.0,,-0.1527,ADBE:DEF14A_2026-02-27; BNY:DEF14A_2026-03-05; COST:DEF14A_2025-12-04; EMR:DEF14A_2025-12-12; PEP:DEF14A_2026-03-27; PYPL:DEF14A_2026-04-07; V:DEF14A_2025-12-08; WFC:DEF14A_2026-03-18,1381.5972805023193,"Wells Fargo & Company (WFC), The Bank of New York Mellon Corporation (BNY), Citigroup Inc. (C), and Visa (V) are KPMG-audited companies in the Financials sector. KPMG has demonstrated expertise in the financial services industry, including global systemically important financial institutions.  Sourc",2818,2201,103,15,206,2,False,,0.5,,-0.0864,BNY:10-K_2026-02-25; BNY:DEF14A_2026-03-05; C:DEF14A_2026-04-02; JPM:DEF14A_2026-04-06; PYPL:DEF14A_2026-04-07; V:DEF14A_2025-12-08; WFC:DEF14A_2026-03-18,5044.627666473389
EQ38,3+,Tier C,"Among the companies that name TSMC as a foundry, which are audited by Ernst & Young?","AMD, INTC","TSMC's list of customers is not public. Therefore, I cannot answer your question about which of TSMC's customers are audited by Ernst & Young.",94,0,42,22,33,0,False,,0.0,,-0.0723,,1158.5304737091064,This question cannot be answered from the given source. The provided text does not contain information about which companies name TSMC as a foundry or which of those are audited by Ernst & Young.  Sources: [],4052,3554,103,22,41,0,False,,0.0,,-0.1646,ABT:DEF14A_2026-03-13; DUK:DEF14A_2026-03-20; INTC:DEF14A_2026-03-23; ISRG:DEF14A_2026-03-13; MMM:DEF14A_2026-03-25; MRK:DEF14A_2026-04-08; ORCL:DEF14A_2025-09-26; UPS:DEF14A_2026-03-19,1808.2263469696045,"Advanced Micro Devices, Inc. (AMD) uses TSMC for wafer production for its HPC, FPGA, and adaptive SoC products. However, the provided evidence does not indicate that AMD is audited by Ernst & Young. The evidence shows that Abbott Laboratories is audited by Ernst & Young LLP.  Sources: [AMD:10-K_2026",1869,1343,103,22,130,0,False,,0.5,,-0.2367,ABT:10-K_2026-02-20; ABT:DEF14A_2026-03-13; AMD:10-K_2026-02-04; COP:DEF14A_2026-03-30; HON:DEF14A_2026-04-10; INTC:DEF14A_2026-03-23; ISRG:DEF14A_2026-03-13,4264.647483825684
EQ39,3+,Tier C,"Among the companies that name TSMC as a foundry, which are audited by PricewaterhouseCoopers?","AVGO, NVDA, QCOM","Taiwan Semiconductor Manufacturing Company (TSMC) is audited by Deloitte & Touche. Therefore, no companies that name TSMC as a foundry are audited by PricewaterhouseCoopers.",99,0,42,25,36,0,False,,0.0,,-0.2976,,942.1043395996094,"The provided evidence does not list companies that name TSMC as a foundry. However, it indicates that PricewaterhouseCoopers (PwC) audits Chevron, Medtronic, Altria, and Mondelēz International. These companies have engaged PwC as their independent registered public accounting firm for their financia",3110,2757,103,25,89,0,False,,0.0,,-0.2927,AXP:10-K_2026-02-06; CVX:10-K_2026-02-24; CVX:DEF14A_2026-04-07; MDLZ:DEF14A_2026-04-03; MDT:DEF14A_2025-08-25; MO:DEF14A_2026-04-02; MRK:10-K_2026-02-24; UBER:DEF14A_2026-03-23,1703.7169933319092,"Uber Technologies, Inc. and Tesla, Inc. are audited by PricewaterhouseCoopers LLP. American Express Company also uses PricewaterhouseCoopers LLP for audit services.  Sources: [AXP:10-K_2026-02-06#c283, TSLA:10-K_2026-01-29#c199, UBER:10-K_2026-02-13#c175]",1826,1322,103,25,111,0,False,,0.5,,-0.3788,AXP:10-K_2026-02-06; DE:DEF14A_2026-01-14; ISRG:DEF14A_2026-03-13; LMT:10-K_2026-01-29; LOW:DEF14A_2026-04-16; MRK:10-K_2026-02-24; TSLA:10-K_2026-01-29; UBER:10-K_2026-02-13,4444.871187210083
EQ40,3+,Tier C,"Among Health-Care companies that mention obesity/weight-loss drugs, which are audited by Ernst & Young?","ABBV, AMGN, CVS, LLY","Eli Lilly and Company is audited by Ernst & Young and mentions obesity/weight-loss drugs in its financial filings. Novo Nordisk, another company in this space, is audited by PricewaterhouseCoopers.",106,0,42,22,42,1,False,,0.0,,-0.0754,,1131.650447845459,"CVS Health, a health-care company, mentions obesity/weight-loss drugs and is audited by Ernst & Young LLP. Pfizer also mentions strengthening its obesity drug pipeline.  Sources: [5, 6]",4333,4014,103,22,44,1,False,,0.0,,0.0089,CVS:10-K_2026-02-10; CVS:DEF14A_2026-04-03; LLY:10-K_2026-02-12; LLY:DEF14A_2026-03-20; PFE:DEF14A_2026-03-12; TMO:10-K_2026-02-26,2263.749361038208,"Abbott Laboratories is a health-care company that mentions obesity/weight-loss drugs and is audited by Ernst & Young LLP. Ernst & Young LLP has served as Abbott Laboratories' auditor since 2013. Eli Lilly and Company also mentions anti-obesity medicines and weight loss drugs, but the provided eviden",1677,1166,103,22,167,1,False,,0.5,,-0.1872,ABT:10-K_2026-02-20; BMY:DEF14A_2026-03-25; BNY:10-K_2026-02-25; CVS:10-K_2026-02-10; KO:DEF14A_2026-03-16; LLY:10-K_2026-02-12; LLY:DEF14A_2026-03-20,4569.251298904419
EQ41,3+,Tier C,Which Deloitte-audited companies are in the Health-Care sector?,"Bristol-Myers Squibb (BMY), UnitedHealth (UNH)","As of my last update, some of the Deloitte-audited companies in the Health Care sector include **HCA Healthcare, Tenet Healthcare, and Universal Health Services**. These companies operate various healthcare facilities and services.",99,0,42,16,43,0,False,,0.0,,-0.1496,,858.05344581604,"The provided text does not list Deloitte-audited companies within the Health-Care sector. It primarily discusses Deloitte's role as an independent auditor for MetLife, Boeing, Southern Company, and Berkshire Hathaway Inc., detailing audit committee responsibilities and fee structures.  Sources: [1, ",3105,2788,103,16,79,0,False,,0.0,,-0.2828,BA:DEF14A_2026-03-06; BRK.B:DEF14A_2026-03-13; MET:DEF14A_2026-04-29; PG:DEF14A_2025-08-29; SO:10-K_2026-02-19; SO:DEF14A_2026-04-03,1531.606912612915,"MetLife, Inc. is a Deloitte-audited company in the Health-Care sector. MetLife's operations include operating health, insurance, and reinsurance companies. Shareholders ratified the appointment of Deloitte & Touche LLP as MetLife's independent auditor for 2026.  Sources: [MET:8-K_2026-06-22#c2, MET:",1369,1004,103,16,104,0,False,,0.5,,-0.3318,BAC:DEF14A_2026-03-23; GE:10-K_2026-01-29; MET:8-K_2026-06-22; MET:DEF14A_2026-04-29; PG:10-K_2025-08-04; SO:10-K_2026-02-19,4311.761379241943
EQ42,3+,Tier C,"Among the dataset's semiconductor and networking companies, which explicitly name NVIDIA as a competitor?","AMD, CSCO, INTC, QCOM","Qualcomm and Broadcom explicitly name NVIDIA as a competitor in their financial filings. Qualcomm views NVIDIA as a competitor in the automotive and data center markets, while Broadcom competes with NVIDIA in the networking and broadband communication markets.",104,0,42,17,44,1,False,,0.0,,-0.0179,,1141.174077987671,"Advanced Micro Devices (AMD) and Texas Instruments Incorporated (TI) explicitly name NVIDIA as a competitor. AMD competes with NVIDIA in the Data Center segment for CPU, GPU, DPU, and AI NIC server products, and in the Client and Gaming segment for discrete graphics. TI also lists NVIDIA as a compet",3998,3678,103,17,79,1,False,,0.0,,-0.096,AMD:10-K_2026-02-04; NVDA:10-K_2026-02-25; NVDA:DEF14A_2026-05-12; TXN:DEF14A_2026-03-04,1604.1538715362549,"NVIDIA explicitly names AMD, Broadcom, Intel, Qualcomm Incorporated, and Renesas Electronics Corporation as semiconductor competitors. For networking products, NVIDIA lists AMD, Arista Networks, Broadcom, Cisco Systems, Inc., Hewlett Packard Enterprise Company, Huawei, Intel, Lumentum Holdings Inc.,",1560,1161,103,17,95,0,False,,0.5,,-0.1828,NVDA:10-K_2026-02-25; NVDA:8-K_2026-06-30; NVDA:DEF14A_2026-05-12,3988.3198738098145
EQ43,3+,Tier C,"Among companies that name NVIDIA as a competitor, which are audited by PricewaterhouseCoopers?","CSCO, QCOM","Of the companies that name NVIDIA as a competitor, none are audited by PricewaterhouseCoopers.",81,0,42,21,20,0,False,,0.0,,-0.1288,,1063.218593597412,"The provided evidence indicates that NVIDIA Corporation is audited by PricewaterhouseCoopers LLP. However, the evidence does not name any other companies that consider NVIDIA a competitor or specify their auditors. Therefore, it is not possible to identify other companies that name NVIDIA as a compe",2448,2005,103,21,72,0,False,,0.0,,-0.2475,AXP:10-K_2026-02-06; MRK:10-K_2026-02-24; NVDA:10-K_2026-02-25; NVDA:8-K_2026-06-30; NVDA:DEF14A_2026-05-12; TSLA:DEF14A_2025-09-17,1714.571475982666,"This question cannot be answered from the given evidence. The provided text states that NVIDIA is audited by PricewaterhouseCoopers and discusses NVIDIA's peer group selection criteria, but it does not name any specific companies that consider NVIDIA a competitor or list their auditors. Sources: [NV",2089,1460,103,21,127,0,False,,0.5,,-0.3274,NVDA:10-K_2026-02-25; NVDA:DEF14A_2026-05-12,4447.528123855591
EQ44,3+,Tier C,How many dataset companies does each Big Four firm audit?,"Ernst & Young 35, PwC 29, Deloitte 25, KPMG 11","As of their latest filings, Deloitte audits 10 dataset companies, while PwC audits 8. EY audits 7 dataset companies, and KPMG audits 5. These numbers are based on publicly available information and may not include private audits.",101,0,42,11,48,0,False,,0.0,,0.1479,,1219.6035385131836,"The provided text does not contain information on how many dataset companies each Big Four firm audits. The passages discuss the appointment and ratification of auditors for specific companies, such as Deloitte & Touche for Microsoft, PricewaterhouseCoopers LLP for Goldman Sachs and JPMorganChase, a",3228,2683,103,11,95,0,False,,0.5,,-0.0593,AMT:10-K_2026-02-24; EMR:10-K_2025-11-10; GS:10-K_2026-02-25; JNJ:DEF14A_2026-03-11; JPM:DEF14A_2026-04-06; MRK:10-K_2026-02-24; MSFT:DEF14A_2025-10-21; PFE:DEF14A_2026-03-12,3690.1838779449463,"The provided evidence does not specify how many dataset companies each Big Four firm audits. However, it indicates that PricewaterhouseCoopers LLP (PwC) audits Uber Technologies, Inc. and Merck & Co., Inc., and KPMG LLP audits Emerson Electric Co. The evidence also mentions the use of robust data sa",1761,1169,103,11,232,0,False,,0.5,,-0.2281,AVGO:10-K_2025-12-18; DHR:DEF14A_2026-03-25; EMR:10-K_2025-11-10; FDX:DEF14A_2025-08-18; JPM:DEF14A_2026-04-06; MRK:10-K_2026-02-24; UBER:10-K_2026-02-13; UBER:8-K_2026-05-08,6500.526666641235
EQ45,2,Tier D,"Amgen's CFO transition (2026): when does the outgoing CFO retire, and when does the incoming CFO start?","Peter H. Griffith retires as CFO Aug 31, 2026 (EVP until Jan 31, 2027); Thomas Dittrich effective Sept 1, 2026","Amgen's outgoing CFO, Peter Griffith, will retire in 2026. The incoming CFO, Michael Lohr, will assume the role on January 1, 2026.",111,0,42,24,42,0,False,True,0.0,0.0,0.398,,1130.3236484527588,"Amgen's outgoing CFO, Peter H. Griffith, will retire from his role as Executive Vice President and Chief Financial Officer effective August 31, 2026, and will remain employed in a non-executive officer position until his full departure on January 31, 2027. The incoming CFO, Thomas Dittrich, will beg",4018,3258,103,24,128,2,False,True,1.0,1.0,0.3467,AIG:10-K_2026-02-12; AMGN:8-K_2026-05-19; COP:10-K_2026-02-17; GS:DEF14A_2026-03-20; MRK:10-K_2026-02-24; NKE:8-K_2026-06-23; NKE:DEF14A_2026-07-15; UPS:DEF14A_2026-03-19,2267.1945095062256,"Amgen's outgoing CFO, Griffith, will retire from the role on August 31, 2026. The incoming CFO, Thomas Dittrich, will start as Executive Vice President and Chief Financial Officer on September 1, 2026.  Sources: [AMGN:8-K_2026-05-19#c1]",1970,1491,103,24,80,3,True,True,1.0,1.0,0.2937,AIG:10-K_2026-02-12; AMGN:8-K_2026-05-19; AMGN:DEF14A_2026-04-07; GE:10-K_2026-01-29; GE:DEF14A_2026-03-12; UPS:DEF14A_2026-03-19,5379.721879959106
EQ46,3+,Tier D,"Put these 2026 buyback authorizations in chronological order: Adobe $25B, Netflix +$25B, Accenture +$2B, Morgan Stanley $20B.",Adobe (Apr 21) → Netflix (Apr 22) → Accenture (Jun 23) → Morgan Stanley (Jun 24),"Here are the 2026 buyback authorizations in chronological order:  1.  **Accenture:** Authorized on February 15, 2024, for an additional $2 billion. 2.  **Netflix:** Authorized on February 27, 2024, for an additional $25 billion. 3.  **Morgan Stanley:** Authorized on April 16, 2024, for $20 billion. ",206,0,42,37,124,0,False,,0.0,0.0,0.0146,,1517.2092914581299,"Here are the 2026 buyback authorizations in chronological order:  1.  **Accenture:** In February 2026, Accenture's Board of Directors approved a new $30 billion share repurchase authorization, replacing the remaining capacity under a prior authorization. 2.  **Adobe:** On April 21, 2026, Adobe annou",3875,3008,103,37,189,1,False,,0.75,0.5,-0.0434,ABBV:10-K_2026-02-20; ADBE:8-K_2026-04-21; AIG:10-K_2026-02-12; GOOGL:10-K_2026-02-05; NFLX:8-K_2026-04-23; NFLX:DEF14A_2026-04-16; VZ:10-K_2026-02-17; WMT:10-K_2026-03-13,2007.6704025268555,"On February 27, 2026, Adobe's Executive Compensation Committee approved a share increase amendment to the 2019 Equity Incentive Plan. On April 21, 2026, Adobe announced a new stock repurchase program of up to $25 billion through April 30, 2030.  Sources: [ADBE:DEF14A_2026-02-27#c125, ADBE:8-K_2026-0",2434,1716,103,37,121,1,False,,0.625,0.25,-0.1298,ADBE:10-K_2026-01-15; ADBE:8-K_2026-04-21; ADBE:DEF14A_2026-02-27; DIS:10-K_2025-11-13,4460.9034061431885
EQ47,2,Tier D,"Apple filed two 8-Ks in April 2026 (Apr 20, Apr 30). What event does each report?",Apr 20 = CEO transition (Ternus); Apr 30 = Q2 FY26 earnings / results of operations,"Apple's 8-K filed on April 20, 2026, reports the company's earnings for the second fiscal quarter, which ended on March 31, 2026. The 8-K filed on April 30, 2026, reports the annual shareholders meeting, including the results of the shareholder votes on proposals.",153,0,42,27,80,0,False,,0.0,0.0,0.069,,1027.6305675506592,"The 8-K filed on April 30, 2026, by Apple Inc. reported the company's financial results for its second fiscal quarter ended March 28, 2026. The 8-K filed on April 20, 2026, is not described in the provided evidence.  Sources: [1]",2490,1964,103,27,78,1,False,,1.0,1.0,0.0232,AAPL:10-K_2025-10-31; AAPL:8-K_2026-04-30; AIG:8-K_2026-04-30; BKNG:10-K_2026-02-18; GS:8-K_2026-07-14; NKE:10-K_2026-07-15; TMO:8-K_2026-04-23,1609.656810760498,"Apple's 8-K filed on April 30, 2026, reported the company's financial results for its second fiscal quarter, which ended on March 28, 2026. The provided evidence does not contain information about an 8-K filed on April 20, 2026.  Sources: [AAPL:8-K_2026-04-30#c2]",2155,1549,103,27,97,1,False,,1.0,1.0,-0.0169,AAPL:10-K_2025-10-31; AAPL:8-K_2026-04-30; AAPL:DEF14A_2026-01-08,6213.9575481414795
EQ48,2,Tier D,"The company that expanded a productivity/restructuring program on April 30, 2026 — name it, its auditor, and the revised total pre-tax charge range.",Colgate-Palmolive; PwC; revised to $350M–$550M,The company that expanded its productivity/restructuring program is **3M Company**. Its auditor is **PricewaterhouseCoopers LLP**. The revised total pre-tax charge range is **$1.2 billion to $1.7 billion**.,130,0,42,33,50,0,False,False,0.0,0.0,0.0654,,1140.4991149902344,"The company that expanded its Strategic Growth and Productivity Program on April 30, 2026, is Colgate-Palmolive Company. The revised total pre-tax charge range for this program is estimated to be between $350 million and $550 million, increased from the previous estimate of $200 million to $300 mill",4287,3666,103,33,101,2,False,True,1.0,1.0,0.2273,CL:10-K_2026-02-23; CL:8-K_2026-05-01; JNJ:DEF14A_2026-03-11; MDLZ:10-K_2026-02-04; MRK:10-K_2026-02-24,1793.2465076446533,"The company that expanded its productivity program on April 30, 2026, is not named in the provided evidence. The revised total pre-tax charge range for the Strategic Growth and Productivity Program is $350 million to $550 million. The auditor is not mentioned in the provided text.  Sources: [CL:8-K_",2020,1414,103,33,89,1,False,True,1.0,1.0,0.0197,AMGN:10-K_2026-02-13; CL:8-K_2026-05-01; GE:10-K_2026-01-29; JNJ:DEF14A_2026-03-11; MO:10-K_2026-02-25; RTX:10-K_2026-02-06; SCHW:10-K_2026-02-25,4551.589727401733
EQ49,2,Tier D,"Cisco's May 2026 restructuring 8-K funds which growth areas, and who is Cisco's auditor?","Silicon, optics, security, and AI; PwC","Cisco's May 2026 restructuring 8-K does not exist. The most recent restructuring was announced in February 2024, with an estimated completion date of the end of fiscal year 2025. This restructuring aims to reallocate resources towards areas like AI, cybersecurity, and cloud. Cisco's auditor is Price",149,0,42,22,79,1,False,,0.0,0.0,0.1181,,1421.4158058166504,"The provided evidence does not specify which growth areas Cisco's May 2026 restructuring 8-K funds. However, the 8-K details the retirement of M. Victoria Wong as Senior Vice President and Chief Accounting Officer and the appointment of Nichlas A. Fink to succeed her, effective May 20, 2026. Cisco's",4412,3565,103,22,94,1,False,,1.0,1.0,-0.08,BLK:10-K_2026-02-25; CSCO:10-K_2025-09-03; CSCO:8-K_2026-05-01; CSCO:DEF14A_2025-10-28; PEP:10-K_2026-02-03; WFC:10-K_2026-02-24,1701.493263244629,"The provided evidence does not specify which growth areas Cisco's May 2026 restructuring 8-K funds. However, Cisco's auditor is PricewaterhouseCoopers LLP (PwC). PwC billed Cisco $30,570,000 for audit fees in fiscal year 2025.  Sources: [CSCO:DEF14A_2025-10-28#c139, CSCO:DEF14A_2025-10-28#c141]",2188,1486,103,22,120,1,False,,1.0,1.0,-0.1195,BLK:DEF14A_2026-04-10; CSCO:10-K_2025-09-03; CSCO:8-K_2026-05-01; CSCO:8-K_2026-05-13; CSCO:DEF14A_2025-10-28,4855.579376220703
EQ50,1,Tier D,What quarterly cash dividend per share did Costco declare in its July 2026 8-K?,$1.47 per share,Costco's July 2026 8-K filing did not declare a quarterly cash dividend per share. The filing was for a special cash dividend of $15.00 per share.,107,0,42,19,43,0,False,,0.0,0.0,0.2065,,1038.7506484985352,"Costco declared a quarterly cash dividend of $1.63 per share on June 10, 2026, payable on August 19, 2026, to shareholders of record as of July 20, 2026. This represents an increase of $0.12 from the previous quarterly dividend of $1.51 per share.  Sources: [4]",3013,2457,103,19,87,0,False,,1.0,1.0,0.124,AIG:8-K_2026-04-30; BKNG:10-K_2026-02-18; CAT:8-K_2026-06-11; COST:8-K_2026-07-08; GOOGL:10-K_2026-02-05; NVDA:10-K_2026-02-25; PEP:10-K_2026-02-03; PYPL:10-K_2026-02-03,1599.3900299072266,"Costco declared a quarterly cash dividend of $1.47 per share in its July 2026 8-K. This dividend was declared on July 7, 2026, and is payable on August 7, 2026, to shareholders of record as of July 24, 2026. Sources: [COST:8-K_2026-07-08#c2]",2122,1528,103,19,98,3,True,,1.0,1.0,0.1001,AIG:8-K_2026-04-30; CAT:8-K_2026-06-11; COST:10-K_2025-10-08; COST:8-K_2026-07-08; JPM:10-K_2026-02-13; PEP:DEF14A_2026-03-27; SPG:10-K_2026-02-25; TSLA:10-K_2026-01-29,3963.379383087158
